{"cameraMode":{"drawMode":0,"name":"Shaded","section":"Shading Mode"},"sceneLighting":true,"audioPlay":false,"sceneViewState":{"showFog":true,"showMaterialUpdate":false,"showSkybox":true,"showFlares":true,"showImageEffects":true,"showParticleSystems":true},"in2DMode":false,"pivot":{"x":2.557082176208496,"y":372.764892578125,"z":196.03900146484376},"rotation":{"x":0.07452402263879776,"y":0.8259274363517761,"z":-0.11244293302297592,"w":0.5474005937576294},"size":13.304134368896485,"orthographic":false}